Asset Name,Asset Tag,Serial,Model,Category,Status,Location,Purchase Cost,AT Size,AT Manufacturer
MDS808350,6025,B161208142,Manual Wheelchair,Mobility Equipment,Pending,Missing,,16,MEDLINE
ZRA,6056,119,Manual Wheelchair,Mobility Equipment,Pending,PARKING GARAGE,,16,TILITE
TILITE,6058,11917587,Manual Wheelchair,Mobility Equipment,Pending,PMRU,,14,TILITE
QUICKIE IRIS,6061,CGT-036744,Manual Wheelchair Tilt-in-Space,Mobility Equipment,Pending,317,,20,SUNRISE
QUICKIE IRIS,6080,PCG-000367,Manual Wheelchair Tilt-in-Space,Mobility Equipment,Pending,Home,,12,SUNRISE
QUICKIE IRIS,6089,IRS-045861,Manual Wheelchair Tilt-in-Space,Mobility Equipment,Pending,OFS,,15,SUNRISE
SOLARA,6103,00H833859,Manual Wheelchair Tilt-in-Space,Mobility Equipment,Pending,Powerplant,,13,INVACARE
FOCUS CR,6110,FCR004432,Manual Wheelchair Tilt-in-Space,Mobility Equipment,Pending,TEAM 2 OFFICE,,16,KI
ZIPPIE IRIS,6146,ZRSE-002131,Manual Wheelchair Tilt-in-Space,Mobility Equipment,Pending,Unknown,,14,SUNRISE
STRETTO,6333,JF318320041070,Power Wheelchair,Mobility Equipment,Pending Deployed,N/A,,17,QUANTUM
RIVAL,6350,HG032755,Power Wheelchair,Mobility Equipment,Pending,POWER PLANT,,20,QUANTUM
4FRONT,6351,JD660015097029,Power Wheelchair,Mobility Equipment,Pending,TEAM 2,,14,QUANTUM
WM4SP-01-BASKET,6480,TMV110600452,Sports Wheelchair,Mobility Equipment,Pending,OFS,,,MERITS
WORN OFF,6481,WORN OFF,Sports Wheelchair,Mobility Equipment,Pending,OFS,,,MERITS
WORN OFF,6482,WORN OFF,Sports Wheelchair,Mobility Equipment,Pending,OFS,,,MERITS
WM4SP-K-01-BASKET,6483,TMV110600477,Sports Wheelchair,Mobility Equipment,Pending,ADL,,,MERITS
WM4SP-K-01-BASKET,6484,TMV110600478,Sports Wheelchair,Mobility Equipment,Pending,ADL,,,MERITS
QUICKIE,6485,SP1-006989,Sports Wheelchair,Mobility Equipment,Pending,ADL,,,SUNRISE
WM4SP-K-01-BASKET,6486,TMV110600479,Sports Wheelchair,Mobility Equipment,Pending,OFS,,,MERITS
WM4SP-K-01-BASKET,6487,TMV110600445,Sports Wheelchair,Mobility Equipment,Pending,OFS,,,MERITS
PER4MAX,6488,THA-16364-D,Sports Wheelchair,Mobility Equipment,Pending,ADL,,,PER4MAX
PER4MAX,6489,THA-16364-B,Sports Wheelchair,Mobility Equipment,Pending,ADL,,,PER4MAX
PER4MAX,6490,THA-16364-C,Sports Wheelchair,Mobility Equipment,Pending,ADL,,,PER4MAX
PER4MAX,6491,THA-16364-F,Sports Wheelchair,Mobility Equipment,Pending,ADL,,,PER4MAX
PER4MAX,6492,THA-16364-A,Sports Wheelchair,Mobility Equipment,Pending,ADL,,,PER4MAX
PER4MAX,6493,THA-16364-E,Sports Wheelchair,Mobility Equipment,Pending,ADL,,,PER4MAX
QUICKIE,6494,SP1-005413,Sports Wheelchair,Mobility Equipment,Pending,ADL,,,SUNRISE
"Ultra 4 14""",5994,1695877289,Hospital Wheelchair,Mobility Equipment,Ready to Deploy,OFS,,14,
"Manual w/c 16""",5996,416F2D1906068,Hospital Wheelchair,Mobility Equipment,Ready to Deploy,OFS,,16WX16D,Dalton
"Cruiser-3 18""",5998,4S1901124257,Hospital Wheelchair,Mobility Equipment,Ready to Deploy,OFS,,18,Drive
"Viper Plus-Reclining 14""",6000,2A1510001112,Hospital Wheelchair,Mobility Equipment,Ready to Deploy,OFS,,14,Drive
"Everest and Jennings 16""",6002,HYR158WC0236,Hospital Wheelchair,Mobility Equipment,Ready to Deploy,4th Floor Storage,,16,Everest and Jennings
"3 Mini- One Arm Drive 12""",6004,80139,Self Propel Wheelchair,Mobility Equipment,Ready to Deploy,OFS,,12,Freedom Design
"Spectrum 11""",6005,16909,Self Propel Wheelchair,Mobility Equipment,Ready to Deploy,OFS,,11,Freedom Design
"ATO TRSXFRC 14""",6008,18LM007631,Hospital Wheelchair,Mobility Equipment,Ready to Deploy,OFS,,14,Invacare
TRACER EX2,6009,10DM013984,Hospital Wheelchair,Mobility Equipment,Ready to Deploy,PARKING GARAGE,,17WX16D,Invacare
"14"" TRACER SX5",6012,14HM026631,Hospital Wheelchair,Mobility Equipment,Ready to Deploy,OFS,,14,Invacare
"9000xt 14""",6015,16AM011920,Hospital Wheelchair,Mobility Equipment,Ready to Deploy,4th Floor Storage,,14,INVACARE
"S-ERGO 305 16""",6016,M08-004723G,Hospital Wheelchair,Mobility Equipment,Ready to Deploy,OFS,,16,KARMA
"LITTLE WAVE CLIK 14""",6017,CLK0010975,Self Propel Wheelchair,Mobility Equipment,Ready to Deploy,OFS,,14,KI
"TSUMI 12""",6018,TS-009738,Self Propel Wheelchair,Mobility Equipment,Ready to Deploy Deployed,N/A,,12,KI
"CATALYST 16""",6019,C5052597,Self Propel Wheelchair,Mobility Equipment,Ready to Deploy,,,16,KI
"CATALYST 16""",6020,CVX0098362,Hospital Wheelchair,Mobility Equipment,Ready to Deploy,ADL Shed,,16,KI
LITTLE WAVE CLIK,6022,CLK003962,Manual Wheelchair,Mobility Equipment,Ready to Deploy Deployed,N/A,,10,KI
SPARK,6023,C5S0005290,Manual Wheelchair,Mobility Equipment,Ready to Deploy,ADL Shed,,12,KI
"EXCEL - EXTRA WIDE 22""",6024,MDS808650,Hospital Wheelchair,Mobility Equipment,Ready to Deploy Deployed,OFS,,22,MEDLINE
"EXCEL - EXTRA WIDE 22""",6026,B200306471,Hospital Wheelchair,Mobility Equipment,Ready to Deploy,OFS,,22,MEDLINE
"EXCEL - EXTRA WIDE 22""",6027,MDS806850,Hospital Wheelchair,Mobility Equipment,Ready to Deploy,OFS,,22,MEDLINE
"EXCEL - EXTRA WIDE 22""",6028,B200306928,Hospital Wheelchair,Mobility Equipment,Ready to Deploy,OFS,,22,MEDLINE
"Merits 14""",6029,TMU150901484,Hospital Wheelchair,Mobility Equipment,Ready to Deploy,OFS,,14,Merits
"Manual w/c  16""",6032,11515,Hospital Wheelchair,Mobility Equipment,Ready to Deploy,OFS,,16,STRONGBACK MOBILITY
"FZ1 15""",6034,FX1-009450,Self Propel Wheelchair,Mobility Equipment,Ready to Deploy,4th Floor Storage,,"15""""",SUNRISE
"Q5 17""",6037,Q5R-058960,Self Propel Wheelchair,Mobility Equipment,Ready to Deploy Deployed,OFS,,17,SUNRISE
"QUICKIE 2 14""",6039,Z2A-038370,Self Propel Wheelchair,Mobility Equipment,Ready to Deploy,OFS,,14WX12D,SUNRISE
QUICKIE 2,6040,Q2X-029241,Manual Wheelchair,Mobility Equipment,Ready to Deploy,OFS,,14WX18D,SUNRISE
QUICKIE 2 LITE,6041,Q2L-134625,Manual Wheelchair,Mobility Equipment,Ready to Deploy,OFS,,14,SUNRISE
"13"" ZIPPIE XCAPE",6042,FZ1-001999,Self Propel Wheelchair,Mobility Equipment,Ready to Deploy,OFS,,13,SUNRISE
ZIPPIE ZONE,6043,RZ-005341,Manual Wheelchair,Mobility Equipment,Ready to Deploy Deployed,OFS,,13,SUNRISE
ZIPPIE ZONE,6044,RZ-007301,Manual Wheelchair,Mobility Equipment,Ready to Deploy,OFS,,10.5,SUNRISE
TWIST,6048,11949845,Manual Wheelchair,Mobility Equipment,Ready to Deploy,OFS,,16,TILITE
TWIST,6049,11910161,Manual Wheelchair,Mobility Equipment,Ready to Deploy Deployed,N/A,,10,TILITE
TWIST,6050,M2047717,Manual Wheelchair,Mobility Equipment,Ready to Deploy,OFS,,11,TILITE
TWIST,6051,11925657,Manual Wheelchair,Mobility Equipment,Ready to Deploy,OFS,,12,TILITE
TWIST,6052,11933091,Manual Wheelchair,Mobility Equipment,Ready to Deploy Deployed,OFS,,12,TILITE
TWIST,6053,11957109,Manual Wheelchair,Mobility Equipment,Ready to Deploy,OFS,,9,TILITE
ZR,6054,46582,Manual Wheelchair,Mobility Equipment,Ready to Deploy,OFS,,8,TILITE
ZRA,6055,40948,Manual Wheelchair,Mobility Equipment,Ready to Deploy,OFS,,10,TILITE
TILITE,6057,11904759,Manual Wheelchair,Mobility Equipment,Ready to Deploy,OFS,,16,TILITE
TILITE,6059,52715,Manual Wheelchair,Mobility Equipment,Ready to Deploy Deployed,OFS,,11,TILITE
"Viper 14""",6060,05T1441508,Hospital Wheelchair,Mobility Equipment,Ready to Deploy,OFS,,14,Drive
QUICKIE IRIS,6063,IRS-042739,Manual Wheelchair Tilt-in-Space,Mobility Equipment,Ready to Deploy Deployed,,,20,SUNRISE
ZIPPIE TS,6064,Z1SE-013488,Manual Wheelchair Tilt-in-Space,Mobility Equipment,Ready to Deploy Deployed,,,14,SUNRISE
QUICKIE IRIS,6065,CGT-020036,Manual Wheelchair Tilt-in-Space,Mobility Equipment,Ready to Deploy Deployed,OFS,,15,SUNRISE
QUICKIE IRIS,6067,IRS-005776,Manual Wheelchair Tilt-in-Space,Mobility Equipment,Ready to Deploy,OFS,,16,SUNRISE
QUICKIE IRIS,6068,PCG-003461,Manual Wheelchair Tilt-in-Space,Mobility Equipment,Ready to Deploy,OFS,,16,SUNRISE
QUICKIE IRIS,6069,PCG-006720,Manual Wheelchair Tilt-in-Space,Mobility Equipment,Ready to Deploy,OFS,,14,SUNRISE
QUICKIE IRIS,6070,IRS-017243,Manual Wheelchair Tilt-in-Space,Mobility Equipment,Ready to Deploy Deployed,OFS,,18,SUNRISE
ZIPPIE TS,6071,Z1A-037271,Manual Wheelchair Tilt-in-Space,Mobility Equipment,Ready to Deploy,OFS,,14,SUNRISE
ZIPPIE IRIS,6072,ZRSE-003032,Manual Wheelchair Tilt-in-Space,Mobility Equipment,Ready to Deploy,OFS,,16W,SUNRISE
QUICKIE IRIS,6073,IRSE-055709,Manual Wheelchair Tilt-in-Space,Mobility Equipment,Ready to Deploy Deployed,,,18,SUNRISE
ZIPPIE IRIS,6074,ZRS-001773,Manual Wheelchair Tilt-in-Space,Mobility Equipment,Ready to Deploy Deployed,,,17,SUNRISE
ZIPPIE IRIS,6075,ZRS-041921,Manual Wheelchair Tilt-in-Space,Mobility Equipment,Ready to Deploy Deployed,N/A,,18,SUNRISE
QUICKIE IRIS,6076,IRSE-083070,Manual Wheelchair Tilt-in-Space,Mobility Equipment,Ready to Deploy Deployed,OFS,,18,SUN
QUICKIE IRIS,6077,IRS-013094,Manual Wheelchair Tilt-in-Space,Mobility Equipment,Ready to Deploy Deployed,OFS,,15,SUNRISE
QUICKIE IRIS,6078,PCG-003210,Manual Wheelchair Tilt-in-Space,Mobility Equipment,Ready to Deploy,OFS,,12,SUNRISE
FLIP,6079,FLP008323,Manual Wheelchair Tilt-in-Space,Mobility Equipment,Ready to Deploy Deployed,OFS,,12,KI
QUICKIE IRIS,6081,IRS-054668,Manual Wheelchair Tilt-in-Space,Mobility Equipment,Ready to Deploy,OFS,,16,SUNRISE
JUDITTA B30,6082,1905570-002,Manual Wheelchair Tilt-in-Space,Mobility Equipment,Ready to Deploy,OFS,,18,ORMESA
ZIPPIE IRIS,6083,VOIDED,Manual Wheelchair Tilt-in-Space,Mobility Equipment,Ready to Deploy,OFS,,"14""""",SUNRISE
ZIPPIE IRIS,6084,ZRS-00434,Manual Wheelchair Tilt-in-Space,Mobility Equipment,Ready to Deploy,OFS,,16,SUNRISE
ZIPPIE TS,6085,ZTS-022558,Manual Wheelchair Tilt-in-Space,Mobility Equipment,Ready to Deploy,OFS,,12,SUNRISE
QUICKIE IRIS,6086,PCG-003433,Manual Wheelchair Tilt-in-Space,Mobility Equipment,Ready to Deploy,OFS,,12,lEGGERO
NXT,6087,33502,Manual Wheelchair Tilt-in-Space,Mobility Equipment,Ready to Deploy Deployed,OFS,,10,FREEDOM DESIGNS
ZIPPIE IRIS,6088,ZRS-044012,Manual Wheelchair Tilt-in-Space,Mobility Equipment,Ready to Deploy Deployed,N/A,,12,SUNRISE
FLIP,6090,FLP006347,Manual Wheelchair Tilt-in-Space,Mobility Equipment,Ready to Deploy,OFS,,15W x 16D,KI
QUICKIE IRIS,6092,IRS-087166,Manual Wheelchair Tilt-in-Space,Mobility Equipment,Ready to Deploy,OFS,,18,SUNRISE
ZIPPIE IRIS,6094,ZRS-051583,Manual Wheelchair Tilt-in-Space,Mobility Equipment,Ready to Deploy,OFS,,14,SUNRISE
QUICKIE IRIS,6095,IRS-042209,Manual Wheelchair Tilt-in-Space,Mobility Equipment,Ready to Deploy,OFS,,14,SUNRISE
ZIPPIE IRIS,6096,ZRS-005189,Manual Wheelchair Tilt-in-Space,Mobility Equipment,Ready to Deploy,OFS,,15,SUNRISE
ENZO,6097,20060048,Manual Wheelchair Tilt-in-Space,Mobility Equipment,Ready to Deploy,ADL Shed,,12,LEGGERO
ZIPPIE TS,6098,Z1SE-010772,Manual Wheelchair Tilt-in-Space,Mobility Equipment,Ready to Deploy,OFS,,14,SUNRISE
QUICKIE IRIS,6099,ZRS-041160,Manual Wheelchair Tilt-in-Space,Mobility Equipment,Ready to Deploy,OFS,,12,SUNRISE
ZIPPIE IRIS,6100,R1A-031960,Manual Wheelchair Tilt-in-Space,Mobility Equipment,Ready to Deploy,OFS,,12,SUNRISE
ZIPPIE IRIS,6101,ZRSE-002535,Manual Wheelchair Tilt-in-Space,Mobility Equipment,Ready to Deploy,OFS,,12,SUNRISE
ZIPPIE IRIS,6102,ZRS-043534,Manual Wheelchair Tilt-in-Space,Mobility Equipment,Ready to Deploy,OFS,,14,SUNRISE
FLIP,6105,FLP006198,Manual Wheelchair Tilt-in-Space,Mobility Equipment,Ready to Deploy,OFS,,12,KI
QUICKIE IRIS,6106,IRSE-026300,Manual Wheelchair Tilt-in-Space,Mobility Equipment,Ready to Deploy,OFS,,14,SUNRISE
ZIPPIE TS,6107,ZISE-006926,Manual Wheelchair Tilt-in-Space,Mobility Equipment,Ready to Deploy,OFS,,14,SUNRISE
ZIPPIE IRIS,6109,ZRSE-040135,Manual Wheelchair Tilt-in-Space,Mobility Equipment,Ready to Deploy,OFS,,12,SUNRISE
QUICKIE IRIS,6112,CGT-011497,Manual Wheelchair Tilt-in-Space,Mobility Equipment,Ready to Deploy Deployed,OFS,,18,SUNRISE
QUICKIE IRIS,6113,CGT-009715,Manual Wheelchair Tilt-in-Space,Mobility Equipment,Ready to Deploy Deployed,U2,,18,SUNRISE
QUICKIE IRIS,6114,CGT-7462,Manual Wheelchair Tilt-in-Space,Mobility Equipment,Ready to Deploy Deployed,OFS,,16,SUNRISE
QUICKIE IRIS,6115,IRSE-027821,Manual Wheelchair Tilt-in-Space,Mobility Equipment,Ready to Deploy Deployed,OFS,,18,SUNRISE
ZIPPIE IRIS,6116,ZRS-001771,Manual Wheelchair Tilt-in-Space,Mobility Equipment,Ready to Deploy Deployed,U7,,14,SUNRISE
FLIP,6117,FLP006631,Manual Wheelchair Tilt-in-Space,Mobility Equipment,Ready to Deploy Deployed,N/A,,12,KI
ZIPPIE TS,6118,Z1A-032140,Manual Wheelchair Tilt-in-Space,Mobility Equipment,Ready to Deploy,CC - Gym,,15,SUNRISE
QUICKIE IRIS,6119,CGT-025247,Manual Wheelchair Tilt-in-Space,Mobility Equipment,Ready to Deploy Deployed,OFS,,16,SUNRISE
QUICKIE IRIS,6120,IRS-048184,Manual Wheelchair Tilt-in-Space,Mobility Equipment,Ready to Deploy Deployed,N/A,,17,SUNRISE
ZIPPIE IRIS,6121,ZRS-002860,Manual Wheelchair Tilt-in-Space,Mobility Equipment,Ready to Deploy Deployed,U7,,14,SUNRISE
ZIPPIE IRIS,6122,ZRS-043232,Manual Wheelchair Tilt-in-Space,Mobility Equipment,Ready to Deploy Deployed,N/A,,14,SUNRISE
ZIPPIE IRIS,6123,ZRS-003642,Manual Wheelchair Tilt-in-Space,Mobility Equipment,Ready to Deploy Deployed,,,14,SUNRISE
QUICKIE IRIS,6124,IRS-066728,Manual Wheelchair Tilt-in-Space,Mobility Equipment,Ready to Deploy Deployed,U6,,16,SUNRISE
QUICKIE IRIS,6126,IRS-068601,Manual Wheelchair Tilt-in-Space,Mobility Equipment,Ready to Deploy Deployed,U2,,18,SUNRISE
ZIPPIE IRIS,6127,PCG-00102,Manual Wheelchair Tilt-in-Space,Mobility Equipment,Ready to Deploy Deployed,N/A,,11,SUNRISE
QUICKIE IRIS,6128,IRSE-003908,Manual Wheelchair Tilt-in-Space,Mobility Equipment,Ready to Deploy Deployed,,,14,SUNRISE
ZIPPIE IRIS,6129,ZRS-041097,Manual Wheelchair Tilt-in-Space,Mobility Equipment,Ready to Deploy,OFS,,12,SUNRISE
ZIPPIE TS,6130,ZP-070250,Manual Wheelchair Tilt-in-Space,Mobility Equipment,Ready to Deploy Deployed,OFS,,11,SUNRISE
NXT,6131,NXT-36422,Manual Wheelchair Tilt-in-Space,Mobility Equipment,Ready to Deploy,OFS,,18,FREEDOM DESIGNS
QUICKIE IRIS,6133,IRSE-024822,Manual Wheelchair Tilt-in-Space,Mobility Equipment,Ready to Deploy Deployed,,,16,SUNRISE
ZIPPIE TS,6135,ZTS-006100,Manual Wheelchair Tilt-in-Space,Mobility Equipment,Ready to Deploy Deployed,U8,,14,SUNRISE
ZIPPIE IRIS,6137,PCG-001826,Manual Wheelchair Tilt-in-Space,Mobility Equipment,Ready to Deploy,OFS,,12,SUNRISE
QUICKIE IRIS,6138,IRSE-028382,Manual Wheelchair Tilt-in-Space,Mobility Equipment,Ready to Deploy Deployed,N/A,,18,SUNRISE
ZIPPIE IRIS,6139,PCG-006256,Manual Wheelchair Tilt-in-Space,Mobility Equipment,Ready to Deploy,3rd Floor Storage,,14,SUNRISE
ZIPPIE IRIS,6141,PCG-006654,Manual Wheelchair Tilt-in-Space,Mobility Equipment,Ready to Deploy Deployed,U8,,16,SUNRISE
QUICKIE IRIS,6142,ZRSE-003001,Manual Wheelchair Tilt-in-Space,Mobility Equipment,Ready to Deploy Deployed,,,12,SUNRISE
QUICKIE IRIS,6143,ZRS-040180,Manual Wheelchair Tilt-in-Space,Mobility Equipment,Ready to Deploy Deployed,N/A,,14,SUNRISE
ZIPPIE TS,6144,Z1A-032689,Manual Wheelchair Tilt-in-Space,Mobility Equipment,Ready to Deploy,OFS,,14,SUNRISE
QUICKIE IRIS,6145,IRS-000290,Manual Wheelchair Tilt-in-Space,Mobility Equipment,Ready to Deploy,OFS,,14,SUNRISE
QUICKIE IRIS,6147,IRSE-024092,Manual Wheelchair Tilt-in-Space,Mobility Equipment,Ready to Deploy,OFS,,16,SUNRISE
ZIPPIE TS,6148,ZTS-024538,Manual Wheelchair Tilt-in-Space,Mobility Equipment,Ready to Deploy Deployed,U2,,18,SUNRISE
4FRONT,6334,JE30331824404020,Power Wheelchair,Mobility Equipment,Ready to Deploy,ADL,,12,QUANTUM
F3,6335,2524012839,Power Wheelchair,Mobility Equipment,Ready to Deploy,ADL,,17X21,PERMOBIL
Q6,6336,JD822215211020,Power Wheelchair,Mobility Equipment,Ready to Deploy,ADL,,15,QUANTUM
Q6 EDGE,6337,JD622210211021,Power Wheelchair,Mobility Equipment,Ready to Deploy Deployed,N/A,,14,QUANTUM
Q6 EDGE,6338,JD818617011070,Power Wheelchair,Mobility Equipment,Ready to Deploy Deployed,N/A,,14,QUANTUM
Q6 EDGE,6339,JE717918262020,Power Wheelchair,Mobility Equipment,Ready to Deploy,ADL,,14,QUANTUM
KOALA,6340,2567000005,Power Wheelchair,Mobility Equipment,Ready to Deploy,ADL GYM,,12,PERMOBIL
KOZMO,6341,JE522018077020,Power Wheelchair,Mobility Equipment,Ready to Deploy Deployed,ADL,,14,QUANTUM
M3,6342,2522005081,Power Wheelchair,Mobility Equipment,Ready to Deploy Deployed,CC GYM,,16,PERMOBIL
QUICKIE PULSE 6,6344,PLS103071,Power Wheelchair,Mobility Equipment,Ready to Deploy,OFS,,16,SUNRISE
M300,6345,K0004232,Power Wheelchair,Mobility Equipment,Ready to Deploy,ADL building,,17,PERMOBIL
EDGE 2.0,6346,JD835419050070,Power Wheelchair,Mobility Equipment,Ready to Deploy,ADL Shed,,20,QUANTUM
M3,6348,2522008430,Power Wheelchair,Mobility Equipment,Ready to Deploy,SEATING CLINIC,,20,PERMOBIL
Q6 EDGE,6349,JB620012097020,Power Wheelchair,Mobility Equipment,Ready to Deploy Deployed,N/A,,12,QUANTUM
EDGE,6352,JD828016216020,Power Wheelchair,Mobility Equipment,Ready to Deploy Deployed,N/A,,16,QUANTUM
FUSE T50,6381,38035,Manual Wheelchair Tilt-in-Space,Mobility Equipment,Ready to Deploy,OFS,,13,PDG
Frozen Car,6499,N/A,Power Wheelchair,Mobility Equipment,Ready to Deploy,ADL,,,Frozen
Kid Zone,6500,1.93E+11,Power Wheelchair,Mobility Equipment,Ready to Deploy,ADL,,,
1 Seat Fire Truck,6502,,Power Wheelchair,Mobility Equipment,Ready to Deploy,ADL,,Small,
Lightening McQueen,6503,,Power Wheelchair,Mobility Equipment,Ready to Deploy,ADL,,Small,Cars
Permobil Twist,6542,M2075588,Manual Wheelchair,Mobility Equipment,Ready to Deploy,OFS,,10,Permobil
"18"" Guardian",6549,4R18RADPE,Hospital Wheelchair,Mobility Equipment,Ready to Deploy Deployed,N/A,,"18""""",Medline
ZIPPIE IRIS,6637,VOIDED,Manual Wheelchair Tilt-in-Space,Mobility Equipment,Ready to Deploy,OFS,,16W,SUNRISE
TILITE,6641,None,Manual Wheelchair,Mobility Equipment,Ready to Deploy Deployed,N/A,,13,TILITE
"Extra wide Manual 26""",6644,072687-3-1-1,Hospital Wheelchair,Mobility Equipment,Ready to Deploy,OFS,,"26""""",Gendron
"Ultra 4 18""",6645,A13070899,Hospital Wheelchair,Mobility Equipment,Ready to Deploy,OFS,,18,BREEZY
"Guardian Manual Wheelchair 16""",6646,216RADPS,Hospital Wheelchair,Mobility Equipment,Ready to Deploy,OFS,,16,
"Cruiser-3 18""",6647,5D1908016270,Hospital Wheelchair,Mobility Equipment,Ready to Deploy,4th Floor Storage,,18,Drive
TRACER EX2,6648,05HMP04693,Hospital Wheelchair,Mobility Equipment,Ready to Deploy,OFS,,16WX16D,"Invacare 16"""
Guardian,6649,4R18RADPE,Manual Wheelchair,Mobility Equipment,Ready to Deploy,ADL Shed,,16,Medline
"24"" Extra wide Reclining Back",6650,072687-1-1-1,Hospital Wheelchair,Mobility Equipment,Ready to Deploy,OFS,,"24""""",Gendron
"Sentra 14""",6652,2A09040004AA,Hospital Wheelchair,Mobility Equipment,Ready to Deploy,OFS,,14,Drive
"16"" TRACER EX2",6653,110EM019374,Hospital Wheelchair,Mobility Equipment,Ready to Deploy,OFS,,16WX16D,Invacare
"EXCEL - EXTRA WIDE RECLINING 20""",6654,MDS808550,Hospital Wheelchair,Mobility Equipment,Ready to Deploy,4th Floor Storage,,20,MEDLINE
ZIPPIE IRIS,6663,Worn Off,Manual Wheelchair Tilt-in-Space,Mobility Equipment,Ready to Deploy Deployed,,,16,SUNRISE
ZIPPIE TS,6667,Z1SE-009495,Manual Wheelchair Tilt-in-Space,Mobility Equipment,Ready to Deploy,OFS,,12,SUNRISE
Q2,6670,Q2V-068509,Manual Wheelchair,Mobility Equipment,Ready to Deploy,OFS,,14,SUNRISE
ZIPPIE IRIS,6673,ZRS-042993,Manual Wheelchair Tilt-in-Space,Mobility Equipment,Ready to Deploy,OFS,,13,SUNRISE
Zippie Iris,6749,ZRS-054531,Manual Wheelchair Tilt-in-Space,Mobility Equipment,Ready to Deploy,OFS,,16,Sunrise
Zippie Iris,6750,PCG-000367,Manual Wheelchair Tilt-in-Space,Mobility Equipment,Ready to Deploy,OFS,,13,Sunrise
"Manual Wheelchair 14""",6759,15IM012526,Hospital Wheelchair,Mobility Equipment,Ready to Deploy,OFS,,14,Invacare
Quickie Iris,6760,IRS-064180,Manual Wheelchair Tilt-in-Space,Mobility Equipment,Ready to Deploy Deployed,Unit 5,,18,Sunrise
Power Wheelchair,6763,JF318320041070,Power Wheelchair,Mobility Equipment,Ready to Deploy Deployed,ADL Shed,,18,Quantum Rehab
"Manual Wheelchair 18""",6780,A121111551,Hospital Wheelchair,Mobility Equipment,Ready to Deploy,4th Floor Storage,,18,Drive
Quickie Iris,6783,IRS-087110,Manual Wheelchair Tilt-in-Space,Mobility Equipment,Ready to Deploy,CC Return to OFS,,15,Sunrise
"9000 XT 16""",6785,23EM001175,Hospital Wheelchair,Mobility Equipment,Ready to Deploy,OFS,,16,Invacare
Ki Click,6787,CLK001834,Self Propel Wheelchair,Mobility Equipment,Ready to Deploy Deployed,OFS,,13,Ki
NXT,6798,34986,Manual Wheelchair Tilt-in-Space,Mobility Equipment,Ready to Deploy,OFS,,16,Freedom Designs
Cruiser,6799,4S1909031797,Manual Wheelchair,Mobility Equipment,Ready to Deploy,ADL Shed,,18,DRIVE
"Drive 16""",6801,4S1508051921,Hospital Wheelchair,Mobility Equipment,Ready to Deploy,CC Return to OFS,,16,Drive
"X3 18""",6803,6803,Hospital Wheelchair,Mobility Equipment,Ready to Deploy,OFS,,18,Navigate
"Manual Wheelchair 20""",6849,27,Hospital Wheelchair,Mobility Equipment,Ready to Deploy Deployed,ADL Shed,,20,HealthLine
"Manual Wheelchair 20""",6850,40,Hospital Wheelchair,Mobility Equipment,Ready to Deploy,4th Floor Storage,,20,HealthLine
"Manual Wheelchair 20""",6851,29S220602451,Hospital Wheelchair,Mobility Equipment,Ready to Deploy,OFS,,20,Drive
"Manual Wheelchair 20""",6852,29S220602464,Hospital Wheelchair,Mobility Equipment,Ready to Deploy,4th Floor Storage,,20,Drive
"Tracer SX5 16""",6854,13IJM000047,Hospital Wheelchair,Mobility Equipment,Ready to Deploy,4th Floor Storage,,16,Invacare
"Manual Wheelchair 18""",6861,15,Hospital Wheelchair,Mobility Equipment,Ready to Deploy,OFS,,18,HealthLine
"Manual Wheelchair 18""",6862,12,Hospital Wheelchair,Mobility Equipment,Ready to Deploy,OFS,,18,Healthline
Manual Wheelchair,6863,29S220701817,Manual Wheelchair,Mobility Equipment,Ready to Deploy,ADL Shed,,18,Drive
"Manual w/c 18""",6864,29S220701755,Hospital Wheelchair,Mobility Equipment,Ready to Deploy,4th Floor Storage,,18,Drive
Flip,6871,FLP008599,Manual Wheelchair Tilt-in-Space,Mobility Equipment,Ready to Deploy,OFS,,14,Ki
Iris,6872,CGT-036744,Manual Wheelchair Tilt-in-Space,Mobility Equipment,Ready to Deploy,4th floor gym,,20,Sunrise
Iris,6882,ZRSE-002855,Manual Wheelchair Tilt-in-Space,Mobility Equipment,Ready to Deploy,ADL Shed,,14,Sunrise
"Tracer SX5 16""",6910,19IM002657,Hospital Wheelchair,Mobility Equipment,Ready to Deploy,OFS,,16,Invacare
2gs,6911,Worn Off,Manual Wheelchair,Mobility Equipment,Ready to Deploy Deployed,N/A,,12,TiLite
Zippie Iris,6912,PCG006085,Manual Wheelchair Tilt-in-Space,Mobility Equipment,Ready to Deploy,OFS,,12,Sunrise
"Ziggo 12""",6944,AS2301090069,Hospital Wheelchair,Mobility Equipment,Ready to Deploy Deployed,N/A,,12,Circle Specialty
"Ziggo 12""",6945,AS2301090006,Hospital Wheelchair,Mobility Equipment,Ready to Deploy Deployed,N/A,,12,Circle Specialty
"Kidz 14""",6946,B210918103,Hospital Wheelchair,Mobility Equipment,Ready to Deploy,3rd Floor Storage,,14,Medline
"Kidz 12""",6947,R230424627,Hospital Wheelchair,Mobility Equipment,Ready to Deploy,4th Floor Storage,,12,Guardian
"Kidz 12""",6948,R230424636,Hospital Wheelchair,Mobility Equipment,Ready to Deploy,4th Floor Storage,,12,Guardian
Pilot,6961,M20541,Manual Wheelchair,Mobility Equipment,Ready to Deploy Deployed,OFS,,11,TiLite
"Manual Wheelchair 20""",6975,18GM011050,Hospital Wheelchair,Mobility Equipment,Ready to Deploy,4th Floor Storage,,20,Invacare
"Manual Wheelchair 18""",6976,4S2009066786,Hospital Wheelchair,Mobility Equipment,Ready to Deploy,OFS,,18,Drive
"Kidz 14""",6981,B160110701,Hospital Wheelchair,Mobility Equipment,Ready to Deploy,OFS,,14,Medline
Ki Focus CR,6991,FCR0014432,Manual Wheelchair Tilt-in-Space,Mobility Equipment,Ready to Deploy,OFS,,16,Ki
Flip,6995,FLP006693,Manual Wheelchair Tilt-in-Space,Mobility Equipment,Ready to Deploy,OFS,,14,Ki
Twist,6996,M2070808,Manual Wheelchair,Mobility Equipment,Ready to Deploy Deployed,N/A,,13,Permobil
Iris,6998,ZRS-001139,Manual Wheelchair Tilt-in-Space,Mobility Equipment,Ready to Deploy Deployed,N/A,,14,Sunrise
Wallaby,7002,4S2208151113,Manual Wheelchair,Mobility Equipment,Ready to Deploy,ADL Shed,,12,Inspired by Drive
Excel,7003,U221100886,Manual Wheelchair,Mobility Equipment,Ready to Deploy Deployed,N/A,,22,Medline
Excel,7004,U221100910,Hospital Wheelchair,Mobility Equipment,Ready to Deploy Deployed,N/A,,22,Medline
"Excel 22""",7005,U221101001,Hospital Wheelchair,Mobility Equipment,Ready to Deploy,OFS,,22,Medline
Excel,7006,U201100328,Manual Wheelchair,Mobility Equipment,Ready to Deploy Deployed,N/A,,20,Medline
"Tracer EX2 20""",7007,15FJM006174,Hospital Wheelchair,Mobility Equipment,Ready to Deploy,OFS,,20,Invacare
Iris,7016,ZRS-005563,Manual Wheelchair Tilt-in-Space,Mobility Equipment,Ready to Deploy Deployed,N/A,,16,Sunrise
Tracer SX5,7017,19HM011645,Manual Wheelchair,Mobility Equipment,Ready to Deploy,CC STORAGE,,18,
Aero Z,7036,M2051015,Manual Wheelchair,Mobility Equipment,Ready to Deploy Deployed,OFS,,16,TiLite
"Tracer SX5 18""",7048,19HM011647,Hospital Wheelchair,Mobility Equipment,Ready to Deploy,OFS,,18,Invacare
Iris,7070,N/A,Manual Wheelchair Tilt-in-Space,Mobility Equipment,Ready to Deploy Deployed,OFS,,18,Sunrise
Flip,7075,FLP007654,Manual Wheelchair Tilt-in-Space,Mobility Equipment,Ready to Deploy,OFS,,12,Ki
Flip,7076,FLP006900,Manual Wheelchair Tilt-in-Space,Mobility Equipment,Ready to Deploy,OFS,,12,Ki
Flip,7077,FLP008412,Manual Wheelchair Tilt-in-Space,Mobility Equipment,Ready to Deploy Deployed,N/A,,12,Ki
F3,7087,2524005477,Power Wheelchair,Mobility Equipment,Ready to Deploy,SEATING CLINIC,,21,Permobil
QX2,7101,Q2X-070644,Manual Wheelchair,Mobility Equipment,Ready to Deploy Deployed,OFS,,18,Sunrise
Flip,7103,FLP009967,Manual Wheelchair Tilt-in-Space,Mobility Equipment,Ready to Deploy,OFS,,14,Ki
"Manual Wheelchair 16""",7109,MDS808350,Hospital Wheelchair,Mobility Equipment,Ready to Deploy,4th Floor Storage,,16,Medline
Iris,7113,ZRSE-061253,Manual Wheelchair Tilt-in-Space,Mobility Equipment,Ready to Deploy Deployed,N/A,,14,Sunrise
Liberty FT,7119,LFT0011759,Manual Wheelchair Tilt-in-Space,Mobility Equipment,Ready to Deploy,OFS,,18,Ki
Iris TS,7120,Z1A-038147,Manual Wheelchair Tilt-in-Space,Mobility Equipment,Ready to Deploy Deployed,N/A,,18,Sunrise
Iris,7125,IRS-080430,Manual Wheelchair Tilt-in-Space,Mobility Equipment,Ready to Deploy Deployed,OFS,,18,Sunrise
"Aero R 12""",7142,11955940,Self Propel Wheelchair,Mobility Equipment,Ready to Deploy Deployed,N/A,,12,TiLIte
Zippie Iris,7168,zrs-056360,Manual Wheelchair Tilt-in-Space,Mobility Equipment,Ready to Deploy,OFS,,,
Iris,7170,ZRS-060618,Manual Wheelchair Tilt-in-Space,Mobility Equipment,Ready to Deploy Deployed,OFS,,12,Sunrise
"Drive Viper 16""",7175,29S220104304,Hospital Wheelchair,Mobility Equipment,Ready to Deploy,4th Floor Storage,,16,Drive
Iris,7181,ZRSE-059796,Manual Wheelchair Tilt-in-Space,Mobility Equipment,Ready to Deploy,OFS,,17,Sunrise
Iris,7182,IRSE-100956,Manual Wheelchair Tilt-in-Space,Mobility Equipment,Ready to Deploy,OFS,,17,Sunrise
Flip,7197,FLP0013999,Manual Wheelchair Tilt-in-Space,Mobility Equipment,Ready to Deploy Deployed,N/A,,15,Ki Mobility
F3,7201,2524012324,Power Wheelchair,Mobility Equipment,Ready to Deploy,SEATING CLINIC,,17,Permobil
Flip,7205,FLP008657,Manual Wheelchair Tilt-in-Space,Mobility Equipment,Ready to Deploy,OFS,,,Ki Mobility
Zippie Iris,7211,ZRS-045479,Manual Wheelchair Tilt-in-Space,Mobility Equipment,Ready to Deploy,OFS,,17,Sunrise
Flip,7214,FLP007028,Manual Wheelchair Tilt-in-Space,Mobility Equipment,Ready to Deploy,OFS,,13,Ki
QUICKIE PULSE,6343,PLS101216,Power Wheelchair,Mobility Equipment,Damaged / Needs Repair,OFS,,12,SUNRISE
M300,7021,N/A,Power Wheelchair,Mobility Equipment,Damaged / Needs Repair,OFS,,17,Permobil
Edge 3,7081,JE717718058020,Power Wheelchair,Mobility Equipment,Damaged / Needs Repair,OFS,,18,Quantum
Q2,6036,02-0181915,Manual Wheelchair,Mobility Equipment,Broken / Removed from service,OFS,,12,SUNRISE
ORBIT,6132,03CB43588,Manual Wheelchair Tilt-in-Space,Mobility Equipment,Broken / Removed from service,OFS,,10,INVACARE
J6,6347,J8223017020070,Power Wheelchair,Mobility Equipment,Broken / Removed from service,ADL Shed,,18,QUANTUM
ForeFront - PWC,7050,JF636322031070,Power Wheelchair,Mobility Equipment,Broken / Removed from service,ADL Shed,,16,Quantum
Q2,6035,Q2V-104539,Manual Wheelchair,Mobility Equipment,Parts Only,OFS,,18,SUNRISE
AERO X,6045,11983879,Manual Wheelchair,Mobility Equipment,Parts Only,PARKING GARAGE,,14,TILITE
QUICKIE TS,6134,QT-038422,Manual Wheelchair Tilt-in-Space,Mobility Equipment,Parts Only,Parking Garage Seating Storage - 1st Floor,,18,SUNRISE
TRACER SX5,6655,10BM03573,Manual Wheelchair,Mobility Equipment,Parts Only,Storage Unit,,18,Invacare
K3,6007,R211016749,Manual Wheelchair,Mobility Equipment,Picked up by vendor,VENDOR,,16,Guardian
ROGUE XP,6384,RGXP005296,Demo,Mobility Equipment,Picked up by vendor,VENDOR,,10,KI - Brandon Nickell
Power Wheelchair,6776,2524013150,Demo,Mobility Equipment,Picked up by vendor,Out-Patient Pharmacy,,18,Permobil- Numotion
QUICKIE IRIS,6140,CGT-024649,Manual Wheelchair Tilt-in-Space,Mobility Equipment,Donated,,,16,SUNRISE
"Kidz 14""",5999,B201001012,Self Propel Wheelchair,Mobility Equipment,Missing,,,14,Drive
"TRACER SX5 16""",6010,19IM002711,Hospital Wheelchair,Mobility Equipment,Missing,Home,,16,Invacare
"TRACER SX5 18""",6011,19HM011645,Hospital Wheelchair,Mobility Equipment,Missing,4th Floor,,18,Invacare
"TRACER SX5 20""",6014,19IM007080,Hospital Wheelchair,Mobility Equipment,Missing,Missing,,20,Invacare
XF,6031,M1027409063020,Manual Wheelchair,Mobility Equipment,Missing,Missing,,18,QUANTUM
STD20RDA,6033,95G35418,Manual Wheelchair,Mobility Equipment,Missing,Missing,,19,SUNMARK
QUICKIE IRIS,6091,CGT-027117,Manual Wheelchair Tilt-in-Space,Mobility Equipment,Missing,,,20,SUNRISE
STELLAR,6093,87844,Manual Wheelchair Tilt-in-Space,Mobility Equipment,Missing,,,18,PDG
FLIP,6108,FLP008412,Manual Wheelchair Tilt-in-Space,Mobility Equipment,Missing,Missing,,12,KI
CGX,6674,CGX 70241,Manual Wheelchair Tilt-in-Space,Mobility Equipment,Missing,,,12,FREEDOM DESIGNS
FLIP,6676,FLP008675,Manual Wheelchair Tilt-in-Space,Mobility Equipment,Missing,,,14,KI
Quickie 2,6876,QX2-046720,Manual Wheelchair,Mobility Equipment,Missing,Missing,,18,Sunrise
Aero x,6920,11964303,Manual Wheelchair,Mobility Equipment,Missing,,,12,TiLite
Iris,7000,cgt-009749,Manual Wheelchair Tilt-in-Space,Mobility Equipment,Missing,Unknown,,18,Sunrise
"Manual Wheelchair 16""",7169,N/A,Self Propel Wheelchair,Mobility Equipment,Missing,Missing,,16,UNK
"Viper Plus-Reclining 12""",5997,2A1610006255,Hospital Wheelchair,Mobility Equipment,Home Loan Deployed,N/A,,12,Drive
"Drive 16""",6001,4S2105033894,Hospital Wheelchair,Mobility Equipment,Home Loan Deployed,Home,,16,Drive
"Tripod LT 14""",6006,92890,Self Propel Wheelchair,Mobility Equipment,Home Loan Deployed,N/A,,14,Freedom Design
"TRACER SX5 18""",6013,19HM011647,Hospital Wheelchair,Mobility Equipment,Home Loan Deployed,Home,,18,Invacare
AERO Z,6047,M2009455,Manual Wheelchair,Mobility Equipment,Home Loan Deployed,N/A,,13,TILITE
QUICKIE IRIS,6066,ZRS-005258,Manual Wheelchair Tilt-in-Space,Mobility Equipment,Home Loan Deployed,Loaned Return to 3rd Floor,,16,SUNRISE
ZIPPIE TS,6125,PCG-002705,Manual Wheelchair Tilt-in-Space,Mobility Equipment,Home Loan Deployed,OFS,,13,SUNRISE
ZIPPIE IRIS,6136,ZRS-001139,Manual Wheelchair Tilt-in-Space,Mobility Equipment,Home Loan Deployed,Unknown,,14,SUNRISE
TWIST,6642,11935866,Manual Wheelchair,Mobility Equipment,Home Loan,OFS,,14,TILITE
"CLIK 10""",6021,CLK006097,Self Propel Wheelchair,Mobility Equipment,Missing-Home Loan Deployed,N/A,,10,KI
AERO X,6046,M2012372,Manual Wheelchair,Mobility Equipment,Missing-Home Loan,Missing,,20WX18D,TILITE
Manual Wheel Chair,6762,29S210707363,Manual Wheelchair,Mobility Equipment,Missing-Home Loan,Missing,,18,Drive
,,,,,,,,,
,,,,,,,,,
,,,,,,,,,
,,,,,,,,,
,,,,,,,,,
,,,,,,,,,
,,,,,,,,,
,,,,,,,,,
,,,,,,,,,
,,,,,,,,,
,,,,,,,,,
,,,,,,,,,
,,,,,,,,,
,,,,,,,,,
,,,,,,,,,
,,,,,,,,,
,,,,,,,,,
,,,,,,,,,
,,,,,,,0,,
